{"train_acc": 0.7974358797073364, "train_loss": 0.4437222459486553, "train_f1": 0.7874439358711243, "train_precision": 0.7981818318367004, "train_recall": 0.7769911289215088, "train_auc": 0.8730578422546387, "_timestamp": 1712813349.5722654, "_runtime": 466.7853183746338, "_step": 32, "val_acc": 0.7313019633293152, "val_loss": 0.6282359082251787, "val_f1": 0.6840391159057617, "val_precision": 0.6402438879013062, "val_recall": 0.7342657446861267, "val_auc": 0.8118624687194824, "test_acc": 0.7313019633293152, "test_loss": 0.6282359082251787, "test_f1": 0.6840391159057617, "test_precision": 0.6402438879013062, "test_recall": 0.7342657446861267, "test_auc": 0.8118624687194824, "_wandb": {"runtime": 466}}