{"train_acc": 0.620512843132019, "train_loss": 0.6544443463667845, "train_f1": 0.6118881106376648, "train_precision": 0.6065858006477356, "train_recall": 0.6172839403152466, "train_auc": 0.6518232226371765, "_timestamp": 1712858896.9375196, "_runtime": 8382.998729467392, "_step": 143, "val_acc": 0.6454293727874756, "val_loss": 0.6298973531492295, "val_f1": 0.6144578456878662, "val_precision": 0.5396825671195984, "val_recall": 0.7132866978645325, "val_auc": 0.7260216474533081, "_wandb": {"runtime": 8487}}