{"train_acc": 0.6794871687889099, "train_loss": 0.5905412880273966, "train_f1": 0.6808510422706604, "train_precision": 0.6644518375396729, "train_recall": 0.69808030128479, "train_auc": 0.7383455634117126, "_timestamp": 1712850506.1374857, "_runtime": 9030.636409759521, "_step": 160, "val_acc": 0.6842105388641357, "val_loss": 0.6226286782372382, "val_f1": 0.5985915660858154, "val_precision": 0.6028369069099426, "val_recall": 0.5944055914878845, "val_auc": 0.7089561820030212, "test_acc": 0.6842105388641357, "test_loss": 0.6226286782372382, "test_f1": 0.5985915660858154, "test_precision": 0.6028369069099426, "test_recall": 0.5944055914878845, "test_auc": 0.7089561820030212, "_wandb": {"runtime": 9029}}