{"train_acc": 0.8207547068595886, "train_loss": 0.3941008368053952, "train_f1": 0.7992315292358398, "train_precision": 0.7468581795692444, "train_recall": 0.8595041036605835, "train_auc": 0.9019503593444824, "_timestamp": 1712787311.6741781, "_runtime": 2140.7029230594635, "_step": 200, "val_acc": 0.7202796936035156, "val_loss": 0.6878518992000155, "val_f1": 0.692307710647583, "val_precision": 0.6382978558540344, "val_recall": 0.756302535533905, "val_auc": 0.7781411409378052, "test_acc": 0.7202796936035156, "test_loss": 0.6878518992000155, "test_f1": 0.692307710647583, "test_precision": 0.6382978558540344, "test_recall": 0.756302535533905, "test_auc": 0.7781411409378052, "_wandb": {"runtime": 2140}}