{"train_acc": 0.8276157975196838, "train_loss": 0.37622578335659845, "train_f1": 0.7971745729446411, "train_precision": 0.7669903039932251, "train_recall": 0.8298319578170776, "train_auc": 0.907995343208313, "_timestamp": 1712937904.3224316, "_runtime": 3389.8959345817566, "_step": 80, "val_acc": 0.7097902297973633, "val_loss": 0.6031916879472279, "val_f1": 0.6584362387657166, "val_precision": 0.6451612710952759, "val_recall": 0.6722689270973206, "val_auc": 0.7664167881011963, "test_acc": 0.7097902297973633, "test_loss": 0.6031916879472279, "test_f1": 0.6584362387657166, "test_precision": 0.6451612710952759, "test_recall": 0.6722689270973206, "test_auc": 0.7664167881011963, "_wandb": {"runtime": 3389}}