{"train_acc": 0.8863247632980347, "train_loss": 0.28179693081312707, "train_f1": 0.8846487402915955, "train_precision": 0.8793103694915771, "train_recall": 0.8900523781776428, "train_auc": 0.9564606547355652, "_timestamp": 1712993496.762961, "_runtime": 8872.107933998108, "_step": 200, "val_acc": 0.6952908635139465, "val_loss": 0.6721766293048859, "val_f1": 0.6646341681480408, "val_precision": 0.5891891717910767, "val_recall": 0.7622377872467041, "val_auc": 0.7439854145050049, "test_acc": 0.6952908635139465, "test_loss": 0.6721766293048859, "test_f1": 0.6646341681480408, "test_precision": 0.5891891717910767, "test_recall": 0.7622377872467041, "test_auc": 0.7439854145050049, "_wandb": {"runtime": 8871}}