{"train_acc": 0.8170940279960632, "train_loss": 0.41593566288550693, "train_f1": 0.8099467158317566, "train_precision": 0.818671464920044, "train_recall": 0.8014059662818909, "train_auc": 0.8910106420516968, "_timestamp": 1713011501.9754012, "_runtime": 9053.748145103455, "_step": 200, "val_acc": 0.6565096974372864, "val_loss": 0.7180597186088562, "val_f1": 0.6025640964508057, "val_precision": 0.5562130212783813, "val_recall": 0.6573426723480225, "val_auc": 0.6997178196907043, "test_acc": 0.6565096974372864, "test_loss": 0.7180597186088562, "test_f1": 0.6025640964508057, "test_precision": 0.5562130212783813, "test_recall": 0.6573426723480225, "test_auc": 0.6997178196907043, "_wandb": {"runtime": 9053}}