{"train_acc": 0.6256410479545593, "train_loss": 0.6570809602737426, "train_f1": 0.624356746673584, "train_precision": 0.6086956262588501, "train_recall": 0.6408450603485107, "train_auc": 0.655613899230957, "_timestamp": 1713048982.5879629, "_runtime": 880.0131118297577, "_step": 19, "val_acc": 0.6177285313606262, "val_loss": 0.6510397685425622, "val_f1": 0.5714285969734192, "val_precision": 0.5139665007591248, "val_recall": 0.6433566212654114, "val_auc": 0.6532366275787354, "_wandb": {"runtime": 937}}