{"train_acc": 0.7051281929016113, "train_loss": 0.5719724881405733, "train_f1": 0.6748350858688354, "train_precision": 0.726166307926178, "train_recall": 0.6302816867828369, "train_auc": 0.763558030128479, "_timestamp": 1712869138.9694219, "_runtime": 7494.894245862961, "_step": 160, "val_acc": 0.678670346736908, "val_loss": 0.590499864972156, "val_f1": 0.6158940196037292, "val_precision": 0.5849056839942932, "val_recall": 0.6503496766090393, "val_auc": 0.7387565970420837, "test_acc": 0.678670346736908, "test_loss": 0.590499864972156, "test_f1": 0.6158940196037292, "test_precision": 0.5849056839942932, "test_recall": 0.6503496766090393, "test_auc": 0.7387565970420837, "_wandb": {"runtime": 7494}}