{"train_acc": 0.8282051086425781, "train_loss": 0.39769083708524705, "train_f1": 0.8187556266784668, "train_precision": 0.8330275416374207, "train_recall": 0.804964542388916, "train_auc": 0.9029855132102966, "_timestamp": 1713038886.9603958, "_runtime": 9029.067608833313, "_step": 200, "val_acc": 0.6814404726028442, "val_loss": 0.6609040275216103, "val_f1": 0.6127946376800537, "val_precision": 0.5909090638160706, "val_recall": 0.6363636255264282, "val_auc": 0.7106242775917053, "test_acc": 0.6814404726028442, "test_loss": 0.6609040275216103, "test_f1": 0.6127946376800537, "test_precision": 0.5909090638160706, "test_recall": 0.6363636255264282, "test_auc": 0.7106242775917053, "_wandb": {"runtime": 9028}}