{"train_acc": 0.8344768285751343, "train_loss": 0.37886174981083187, "train_f1": 0.7991675138473511, "train_precision": 0.805031418800354, "train_recall": 0.7933884263038635, "train_auc": 0.9055433869361877, "_timestamp": 1712920802.894085, "_runtime": 3442.764724969864, "_step": 80, "val_acc": 0.6538461446762085, "val_loss": 0.6381548430238452, "val_f1": 0.6319702863693237, "val_precision": 0.5666666626930237, "val_recall": 0.7142857313156128, "val_auc": 0.7440749406814575, "test_acc": 0.6538461446762085, "test_loss": 0.6381548430238452, "test_f1": 0.6319702863693237, "test_precision": 0.5666666626930237, "test_recall": 0.7142857313156128, "test_auc": 0.7440749406814575, "_wandb": {"runtime": 3442}}