{"train_acc": 0.7777777910232544, "train_loss": 0.4736694857782247, "train_f1": 0.7686832547187805, "train_precision": 0.7783783674240112, "train_recall": 0.7592267394065857, "train_auc": 0.854823112487793, "_timestamp": 1712812876.576392, "_runtime": 426.7825129032135, "_step": 30, "val_acc": 0.7313019633293152, "val_loss": 0.6087733246386051, "val_f1": 0.6881029009819031, "val_precision": 0.636904776096344, "val_recall": 0.748251736164093, "val_auc": 0.8112529516220093, "test_acc": 0.7313019633293152, "test_loss": 0.6087733246386051, "test_f1": 0.6881029009819031, "test_precision": 0.636904776096344, "test_recall": 0.748251736164093, "test_auc": 0.8112529516220093, "_wandb": {"runtime": 426}}