{"train_acc": 0.8461538553237915, "train_loss": 0.3391315469870696, "train_f1": 0.8421052694320679, "train_precision": 0.834782600402832, "train_recall": 0.8495575189590454, "train_auc": 0.9287295341491699, "_timestamp": 1712892036.609409, "_runtime": 2415.746537208557, "_step": 60, "val_acc": 0.7590027451515198, "val_loss": 0.6014274977471518, "val_f1": 0.7050847411155701, "val_precision": 0.6842105388641357, "val_recall": 0.7272727489471436, "val_auc": 0.8209404945373535, "test_acc": 0.7590027451515198, "test_loss": 0.6014274977471518, "test_f1": 0.7050847411155701, "test_precision": 0.6842105388641357, "test_recall": 0.7272727489471436, "test_auc": 0.8209404945373535, "_wandb": {"runtime": 2415}}