{"train_acc": 0.8726495504379272, "train_loss": 0.31577417808207303, "train_f1": 0.8694127798080444, "train_precision": 0.8551723957061768, "train_recall": 0.8841354846954346, "train_auc": 0.9394290447235107, "_timestamp": 1712805846.6834455, "_runtime": 1498.971682548523, "_step": 100, "val_acc": 0.7202215790748596, "val_loss": 0.6832485944032669, "val_f1": 0.6793650984764099, "val_precision": 0.6220930218696594, "val_recall": 0.748251736164093, "val_auc": 0.8111246824264526, "test_acc": 0.7202215790748596, "test_loss": 0.6832485944032669, "test_f1": 0.6793650984764099, "test_precision": 0.6220930218696594, "test_recall": 0.748251736164093, "test_auc": 0.8111246824264526, "_wandb": {"runtime": 1498}}