{"train_acc": 0.5111111402511597, "train_loss": 0.6936729032259721, "train_f1": 0.52173912525177, "train_precision": 0.4944532513618469, "train_recall": 0.5522124171257019, "train_auc": 0.5021458268165588, "_timestamp": 1712822547.817373, "_runtime": 2232.582988023758, "_step": 53, "val_acc": 0.6481994390487671, "val_loss": 0.6874821044149853, "val_f1": 0.5752508640289307, "val_precision": 0.5512820482254028, "val_recall": 0.6013985872268677, "val_auc": 0.6656508445739746, "_wandb": {"runtime": 2235}}