{"train_acc": 0.5410256385803223, "train_loss": 0.6877014150424879, "train_f1": 0.5453006029129028, "train_precision": 0.5235772132873535, "train_recall": 0.5689045786857605, "train_auc": 0.5565634965896606, "_timestamp": 1712965868.5357075, "_runtime": 3877.937507390976, "_step": 87, "val_acc": 0.5623268485069275, "val_loss": 0.6730948032871369, "val_f1": 0.5062500238418579, "val_precision": 0.4576271176338196, "val_recall": 0.5664335489273071, "val_auc": 0.5961378216743469, "_wandb": {"runtime": 3929}}