{"train_acc": 0.7744425535202026, "train_loss": 0.47072139098530724, "train_f1": 0.7280248403549194, "train_precision": 0.7213114500045776, "train_recall": 0.7348642945289612, "train_auc": 0.8466236591339111, "_timestamp": 1712931082.0030823, "_runtime": 3407.458518266678, "_step": 80, "val_acc": 0.6853147149085999, "val_loss": 0.5825876011734917, "val_f1": 0.6511628031730652, "val_precision": 0.6043165326118469, "val_recall": 0.7058823704719543, "val_auc": 0.75826495885849, "test_acc": 0.6853147149085999, "test_loss": 0.5825876011734917, "test_f1": 0.6511628031730652, "test_precision": 0.6043165326118469, "test_recall": 0.7058823704719543, "test_auc": 0.75826495885849, "_wandb": {"runtime": 3406}}