{"train_acc": 0.9675213694572449, "train_loss": 0.09608351994229823, "train_f1": 0.9660714268684387, "train_precision": 0.9712746739387512, "train_recall": 0.9609236121177673, "train_auc": 0.9944518804550171, "_timestamp": 1712811607.0105584, "_runtime": 668.1859652996063, "_step": 48, "val_acc": 0.7285318374633789, "val_loss": 0.7563810907304287, "val_f1": 0.652482271194458, "val_precision": 0.6618704795837402, "val_recall": 0.6433566212654114, "val_auc": 0.7848206758499146, "test_acc": 0.7285318374633789, "test_loss": 0.7563810907304287, "test_f1": 0.652482271194458, "test_precision": 0.6618704795837402, "test_recall": 0.6433566212654114, "test_auc": 0.7848206758499146, "_wandb": {"runtime": 667}}