{"train_acc": 0.8404802680015564, "train_loss": 0.3753460647449607, "train_f1": 0.8117408752441406, "train_precision": 0.783203125, "train_recall": 0.8424369692802429, "train_auc": 0.910297155380249, "_timestamp": 1712948118.0761847, "_runtime": 3382.4431376457214, "_step": 80, "val_acc": 0.7062937021255493, "val_loss": 0.6092254036948794, "val_f1": 0.671875, "val_precision": 0.6277372241020203, "val_recall": 0.7226890921592712, "val_auc": 0.7673728466033936, "test_acc": 0.7062937021255493, "test_loss": 0.6092254036948794, "test_f1": 0.671875, "test_precision": 0.6277372241020203, "test_recall": 0.7226890921592712, "test_auc": 0.7673728466033936, "_wandb": {"runtime": 3381}}