{"train_acc": 0.7975986003875732, "train_loss": 0.42056785949638914, "train_f1": 0.7667984366416931, "train_precision": 0.7306967973709106, "train_recall": 0.8066527843475342, "train_auc": 0.88243168592453, "_timestamp": 1712927667.6775978, "_runtime": 3446.077622652054, "_step": 80, "val_acc": 0.7062937021255493, "val_loss": 0.5979285822028205, "val_f1": 0.6499999761581421, "val_precision": 0.64462810754776, "val_recall": 0.6554622054100037, "val_auc": 0.7711970806121826, "test_acc": 0.7062937021255493, "test_loss": 0.5979285822028205, "test_f1": 0.6499999761581421, "test_precision": 0.64462810754776, "test_recall": 0.6554622054100037, "test_auc": 0.7711970806121826, "_wandb": {"runtime": 3445}}