{"train_acc": 0.8662092685699463, "train_loss": 0.3222313739714168, "train_f1": 0.8371607661247253, "train_precision": 0.8442105054855347, "train_recall": 0.8302277326583862, "train_auc": 0.9331411123275757, "_timestamp": 1712913932.5360641, "_runtime": 3412.9981610774994, "_step": 80, "val_acc": 0.692307710647583, "val_loss": 0.683113334434373, "val_f1": 0.6507936716079712, "val_precision": 0.61654132604599, "val_recall": 0.6890756487846375, "val_auc": 0.7566044330596924, "test_acc": 0.692307710647583, "test_loss": 0.683113334434373, "test_f1": 0.6507936716079712, "test_precision": 0.61654132604599, "test_recall": 0.6890756487846375, "test_auc": 0.7566044330596924, "_wandb": {"runtime": 3412}}