{"train_acc": 0.9393162131309509, "train_loss": 0.1736091961706611, "train_f1": 0.9367765188217163, "train_precision": 0.9460431933403015, "train_recall": 0.9276896119117737, "train_auc": 0.9822843670845032, "_timestamp": 1712810047.808453, "_runtime": 662.664882183075, "_step": 48, "val_acc": 0.742382287979126, "val_loss": 0.6724555362825808, "val_f1": 0.6642599105834961, "val_precision": 0.6865671873092651, "val_recall": 0.6433566212654114, "val_auc": 0.7966574430465698, "test_acc": 0.742382287979126, "test_loss": 0.6724555362825808, "test_f1": 0.6642599105834961, "test_precision": 0.6865671873092651, "test_recall": 0.6433566212654114, "test_auc": 0.7966574430465698, "_wandb": {"runtime": 662}}