{"train_acc": 0.9145299196243286, "train_loss": 0.2214435212112762, "train_f1": 0.9090909361839294, "train_precision": 0.9380863308906555, "train_recall": 0.8818342089653015, "train_auc": 0.9685259461402893, "_timestamp": 1712809314.2573445, "_runtime": 621.6461915969849, "_step": 44, "val_acc": 0.7202215790748596, "val_loss": 0.6545397934058438, "val_f1": 0.6599326729774475, "val_precision": 0.6363636255264282, "val_recall": 0.6853147149085999, "val_auc": 0.7856867909431458, "_wandb": {"runtime": 622}}