{"train_acc": 0.5626072287559509, "train_loss": 0.6690897856439862, "train_f1": 0.501953125, "train_precision": 0.47592592239379883, "train_recall": 0.5309917330741882, "train_auc": 0.5776762366294861, "_timestamp": 1712757669.489678, "_runtime": 2558.4493658542633, "_step": 80, "val_acc": 0.5874125957489014, "val_loss": 0.6648857332766056, "val_f1": 0.5845070481300354, "val_precision": 0.5030303001403809, "val_recall": 0.6974790096282959, "val_auc": 0.6227042078971863, "test_acc": 0.5874125957489014, "test_loss": 0.6648857332766056, "test_f1": 0.5845070481300354, "test_precision": 0.5030303001403809, "test_recall": 0.6974790096282959, "test_auc": 0.6227042078971863, "_wandb": {"runtime": 2557}}