{"train_acc": 0.8666666746139526, "train_loss": 0.31858677773012056, "train_f1": 0.8612099885940552, "train_precision": 0.8689407706260681, "train_recall": 0.8536155223846436, "train_auc": 0.9422230124473572, "_timestamp": 1713020669.5483325, "_runtime": 9160.259861469269, "_step": 200, "val_acc": 0.6592797636985779, "val_loss": 0.642658823302814, "val_f1": 0.6045016050338745, "val_precision": 0.5595238208770752, "val_recall": 0.6573426723480225, "val_auc": 0.7306088209152222, "test_acc": 0.6592797636985779, "test_loss": 0.642658823302814, "test_f1": 0.6045016050338745, "test_precision": 0.5595238208770752, "test_recall": 0.6573426723480225, "test_auc": 0.7306088209152222, "_wandb": {"runtime": 9159}}