{"train_acc": 0.8456260561943054, "train_loss": 0.3478435693042619, "train_f1": 0.8151950836181641, "train_precision": 0.7955911755561829, "train_recall": 0.8357895016670227, "train_auc": 0.9272968173027039, "_timestamp": 1712934508.1310656, "_runtime": 3420.6841146945953, "_step": 80, "val_acc": 0.6958041787147522, "val_loss": 0.6924060327666146, "val_f1": 0.6561264991760254, "val_precision": 0.6194030046463013, "val_recall": 0.6974790096282959, "val_auc": 0.7658129334449768, "test_acc": 0.6958041787147522, "test_loss": 0.6924060327666146, "test_f1": 0.6561264991760254, "test_precision": 0.6194030046463013, "test_recall": 0.6974790096282959, "test_auc": 0.7658129334449768, "_wandb": {"runtime": 3420}}