{"train_acc": 0.9786324501037598, "train_loss": 0.07995927559740439, "train_f1": 0.978050947189331, "train_precision": 0.9789103865623474, "train_recall": 0.9771929979324341, "train_auc": 0.9958187341690063, "_timestamp": 1712807798.407354, "_runtime": 647.9666140079498, "_step": 47, "val_acc": 0.7645429372787476, "val_loss": 0.8658108516879703, "val_f1": 0.6931408047676086, "val_precision": 0.7164179086685181, "val_recall": 0.6713286638259888, "val_auc": 0.8050618767738342, "_wandb": {"runtime": 667}}