{"train_acc": 0.8499142527580261, "train_loss": 0.3436840629740937, "train_f1": 0.82341068983078, "train_precision": 0.796875, "train_recall": 0.8517745137214661, "train_auc": 0.9292042255401611, "_timestamp": 1712795010.4154484, "_runtime": 1509.8585233688354, "_step": 124, "val_acc": 0.688524603843689, "val_loss": 0.6817950755357742, "val_f1": 0.6666666865348816, "val_precision": 0.6551724076271057, "val_recall": 0.6785714030265808, "val_auc": 0.7716450095176697, "test_acc": 0.7447552680969238, "test_loss": 0.6233487841155794, "test_f1": 0.7020407915115356, "test_precision": 0.682539701461792, "test_recall": 0.7226890921592712, "test_auc": 0.7935892939567566, "_wandb": {"runtime": 1509}}