{"train_acc": 0.9065179824829102, "train_loss": 0.23204290132000022, "train_f1": 0.8915423154830933, "train_precision": 0.863198459148407, "train_recall": 0.9218106865882874, "train_auc": 0.9673777222633362, "_timestamp": 1712793432.775467, "_runtime": 2212.0412809848785, "_step": 169, "val_acc": 0.7307692170143127, "val_loss": 0.860148150059912, "val_f1": 0.6907630562782288, "val_precision": 0.6615384817123413, "val_recall": 0.7226890921592712, "val_auc": 0.7854375839233398, "_wandb": {"runtime": 2223}}