{"train_acc": 0.9365351796150208, "train_loss": 0.174459546401694, "train_f1": 0.9222689270973206, "train_precision": 0.9222689270973206, "train_recall": 0.9222689270973206, "train_auc": 0.9824259877204895, "_timestamp": 1712784715.7183514, "_runtime": 2037.5154213905334, "_step": 200, "val_acc": 0.692307710647583, "val_loss": 0.935928569899665, "val_f1": 0.6615384817123413, "val_precision": 0.609929084777832, "val_recall": 0.7226890921592712, "val_auc": 0.7530317902565002, "test_acc": 0.692307710647583, "test_loss": 0.935928569899665, "test_f1": 0.6615384817123413, "test_precision": 0.609929084777832, "test_recall": 0.7226890921592712, "test_auc": 0.7530317902565002, "_wandb": {"runtime": 2036}}