{"train_acc": 0.5393162369728088, "train_loss": 0.6895924764020103, "train_f1": 0.5489539504051208, "train_precision": 0.5181674361228943, "train_recall": 0.5836299061775208, "train_auc": 0.5422773361206055, "_timestamp": 1712976716.1430776, "_runtime": 5341.380153656006, "_step": 120, "val_acc": 0.5650969743728638, "val_loss": 0.6827535610045156, "val_f1": 0.47138047218322754, "val_precision": 0.4545454680919647, "val_recall": 0.4895104765892029, "val_auc": 0.5603066682815552, "test_acc": 0.5650969743728638, "test_loss": 0.6827535610045156, "test_f1": 0.47138047218322754, "test_precision": 0.4545454680919647, "test_recall": 0.4895104765892029, "test_auc": 0.5603066682815552, "_wandb": {"runtime": 5340}}