{"train_acc": 0.49145299196243286, "train_loss": 0.6942373345027099, "train_f1": 0.48305821418762207, "train_precision": 0.47198641300201416, "train_recall": 0.49466192722320557, "train_auc": 0.49600961804389954, "_timestamp": 1712804303.9458854, "_runtime": 32.84380745887756, "_step": 1, "val_acc": 0.5623268485069275, "val_loss": 0.6997478267420894, "val_f1": 0.5, "val_precision": 0.4566473960876465, "val_recall": 0.5524475574493408, "val_auc": 0.5881503820419312, "_wandb": {"runtime": 36}}