{"train_acc": 0.5128205418586731, "train_loss": 0.6919072845152446, "train_f1": 0.53125, "train_precision": 0.4969230890274048, "train_recall": 0.5706713795661926, "train_auc": 0.5160706639289856, "_timestamp": 1712961905.8116755, "_runtime": 2624.4704706668854, "_step": 57, "val_acc": 0.5817174315452576, "val_loss": 0.6826193470221299, "val_f1": 0.5353845953941345, "val_precision": 0.4780219793319702, "val_recall": 0.6083915829658508, "val_auc": 0.6264194250106812, "_wandb": {"runtime": 2674}}