{"train_acc": 0.656410276889801, "train_loss": 0.5930611844246204, "train_f1": 0.6534482836723328, "train_precision": 0.6445578336715698, "train_recall": 0.6625874042510986, "train_auc": 0.723542332649231, "_timestamp": 1712841468.2605784, "_runtime": 8356.280639410019, "_step": 160, "val_acc": 0.6426593065261841, "val_loss": 0.6257594295086399, "val_f1": 0.6079027652740479, "val_precision": 0.5376344323158264, "val_recall": 0.6993007063865662, "val_auc": 0.7072560787200928, "test_acc": 0.6426593065261841, "test_loss": 0.6257594295086399, "test_f1": 0.6079027652740479, "test_precision": 0.5376344323158264, "test_recall": 0.6993007063865662, "test_auc": 0.7072560787200928, "_wandb": {"runtime": 8355}}