{"train_acc": 0.8687821626663208, "train_loss": 0.31612468296534396, "train_f1": 0.8440366983413696, "train_precision": 0.8313252925872803, "train_recall": 0.8571428656578064, "train_auc": 0.940189003944397, "_timestamp": 1712798501.8828783, "_runtime": 1611.796400308609, "_step": 124, "val_acc": 0.7377049326896667, "val_loss": 0.691136047244072, "val_f1": 0.7037037014961243, "val_precision": 0.6333333253860474, "val_recall": 0.7916666865348816, "val_auc": 0.8198198080062866, "test_acc": 0.7307692170143127, "test_loss": 0.6937663174337811, "test_f1": 0.7049808502197266, "test_precision": 0.6478873491287231, "test_recall": 0.7731092572212219, "test_auc": 0.7901172637939453, "_wandb": {"runtime": 1611}}