{"train_acc": 0.8769230842590332, "train_loss": 0.31142296170194944, "train_f1": 0.876288652420044, "train_precision": 0.8629441857337952, "train_recall": 0.8900523781776428, "train_auc": 0.9442208409309387, "_timestamp": 1713029850.177387, "_runtime": 9172.918776035309, "_step": 200, "val_acc": 0.7008309960365295, "val_loss": 0.7408262102731636, "val_f1": 0.625, "val_precision": 0.6206896305084229, "val_recall": 0.6293706297874451, "val_auc": 0.7308334112167358, "test_acc": 0.7008309960365295, "test_loss": 0.7408262102731636, "test_f1": 0.625, "test_precision": 0.6206896305084229, "test_recall": 0.6293706297874451, "test_auc": 0.7308334112167358, "_wandb": {"runtime": 9172}}