{"train_acc": 0.8717948794364929, "train_loss": 0.2832181588620753, "train_f1": 0.8651078939437866, "train_precision": 0.8809523582458496, "train_recall": 0.8498232960700989, "train_auc": 0.9500942230224609, "_timestamp": 1712814497.9916964, "_runtime": 1110.1758904457092, "_step": 80, "val_acc": 0.7506925463676453, "val_loss": 0.6861999941908795, "val_f1": 0.6875, "val_precision": 0.682758629322052, "val_recall": 0.692307710647583, "val_auc": 0.7972669005393982, "test_acc": 0.7506925463676453, "test_loss": 0.6861999941908795, "test_f1": 0.6875, "test_precision": 0.682758629322052, "test_recall": 0.692307710647583, "test_auc": 0.7972669005393982, "_wandb": {"runtime": 1109}}