{"train_acc": 0.9871355295181274, "train_loss": 0.03802904895864019, "train_f1": 0.9842932224273682, "train_precision": 0.9853249192237854, "train_recall": 0.9832636117935181, "train_auc": 0.9992032647132874, "_timestamp": 1712782642.4013667, "_runtime": 666.314163684845, "_step": 65, "val_acc": 0.692307710647583, "val_loss": 1.2122181157271068, "val_f1": 0.65625, "val_precision": 0.6131386756896973, "val_recall": 0.7058823704719543, "val_auc": 0.7476475834846497, "_wandb": {"runtime": 682}}