{"train_acc": 0.8584905862808228, "train_loss": 0.31325055481422515, "train_f1": 0.8307692408561707, "train_precision": 0.8148893117904663, "train_recall": 0.8472803235054016, "train_auc": 0.9402185082435608, "_timestamp": 1712958464.3570697, "_runtime": 3418.5323436260223, "_step": 80, "val_acc": 0.6748251914978027, "val_loss": 0.6421962763581958, "val_f1": 0.654275119304657, "val_precision": 0.5866666436195374, "val_recall": 0.7394958138465881, "val_auc": 0.7438232898712158, "test_acc": 0.6748251914978027, "test_loss": 0.6421962763581958, "test_f1": 0.654275119304657, "test_precision": 0.5866666436195374, "test_recall": 0.7394958138465881, "test_auc": 0.7438232898712158, "_wandb": {"runtime": 3417}}