{"train_acc": 0.5341880321502686, "train_loss": 0.6940170643585069, "train_f1": 0.5129579901695251, "train_precision": 0.5218181610107422, "train_recall": 0.5043936967849731, "train_auc": 0.533720850944519, "_timestamp": 1712815894.5840054, "_runtime": 311.96742129325867, "_step": 5, "val_acc": 0.6011080145835876, "val_loss": 0.6770299581380991, "val_f1": 0.5885714292526245, "val_precision": 0.4975845515727997, "val_recall": 0.7202796936035156, "val_auc": 0.6492269039154053, "_wandb": {"runtime": 434}}