{"train_acc": 0.7658119797706604, "train_loss": 0.4853578100399095, "train_f1": 0.7609075307846069, "train_precision": 0.7530224323272705, "train_recall": 0.7689594626426697, "train_auc": 0.849380373954773, "_timestamp": 1712906189.124811, "_runtime": 3597.721643924713, "_step": 80, "val_acc": 0.7285318374633789, "val_loss": 0.5747213363647461, "val_f1": 0.6666666865348816, "val_precision": 0.6490066051483154, "val_recall": 0.6853147149085999, "val_auc": 0.765381395816803, "test_acc": 0.7285318374633789, "test_loss": 0.5747213363647461, "test_f1": 0.6666666865348816, "test_precision": 0.6490066051483154, "test_recall": 0.6853147149085999, "test_auc": 0.765381395816803, "_wandb": {"runtime": 3597}}