{"train_acc": 0.8615384697914124, "train_loss": 0.33825797496401533, "train_f1": 0.8578947186470032, "train_precision": 0.8431034684181213, "train_recall": 0.8732143044471741, "train_auc": 0.9330152273178101, "_timestamp": 1712899035.4121087, "_runtime": 3520.3879566192627, "_step": 80, "val_acc": 0.7257617712020874, "val_loss": 0.6101406678076713, "val_f1": 0.6710963249206543, "val_precision": 0.6392405033111572, "val_recall": 0.7062937021255493, "val_auc": 0.7789824604988098, "test_acc": 0.7257617712020874, "test_loss": 0.6101406678076713, "test_f1": 0.6710963249206543, "test_precision": 0.6392405033111572, "test_recall": 0.7062937021255493, "test_auc": 0.7789824604988098, "_wandb": {"runtime": 3519}}