{"train_acc": 0.7907375693321228, "train_loss": 0.43559733866935685, "train_f1": 0.7644787430763245, "train_precision": 0.7239488363265991, "train_recall": 0.8098159432411194, "train_auc": 0.8750502467155457, "_timestamp": 1712941325.228364, "_runtime": 3413.7259209156036, "_step": 80, "val_acc": 0.7132866978645325, "val_loss": 0.6076711934237253, "val_f1": 0.6796875, "val_precision": 0.6350364685058594, "val_recall": 0.7310924530029297, "val_auc": 0.7744175791740417, "test_acc": 0.7132866978645325, "test_loss": 0.6076711934237253, "test_f1": 0.6796875, "test_precision": 0.6350364685058594, "test_recall": 0.7310924530029297, "test_auc": 0.7744175791740417, "_wandb": {"runtime": 3413}}