{"train_acc": 0.6051282286643982, "train_loss": 0.6612971216237464, "train_f1": 0.5837838053703308, "train_precision": 0.5966851115226746, "train_recall": 0.5714285969734192, "train_auc": 0.6394920945167542, "_timestamp": 1712861613.851992, "_runtime": 1778.4708478450775, "_step": 37, "val_acc": 0.6675900220870972, "val_loss": 0.6108778443025507, "val_f1": 0.6178343892097473, "val_precision": 0.567251443862915, "val_recall": 0.6783216595649719, "val_auc": 0.7222043871879578, "_wandb": {"runtime": 1787}}