{"train_acc": 0.8610634803771973, "train_loss": 0.33336575594666884, "train_f1": 0.8379999995231628, "train_precision": 0.8073217868804932, "train_recall": 0.8711018562316895, "train_auc": 0.9314839839935303, "_timestamp": 1712796883.882835, "_runtime": 1538.6143329143524, "_step": 124, "val_acc": 0.7049180269241333, "val_loss": 0.7796459347009659, "val_f1": 0.6538461446762085, "val_precision": 0.6538461446762085, "val_recall": 0.6538461446762085, "val_auc": 0.7417582273483276, "test_acc": 0.7307692170143127, "test_loss": 0.6925770259565778, "test_f1": 0.7072243094444275, "test_precision": 0.6458333134651184, "test_recall": 0.7815126180648804, "test_auc": 0.7711971402168274, "_wandb": {"runtime": 1538}}