{"train_acc": 0.6912521719932556, "train_loss": 0.5922493278270676, "train_f1": 0.6571428775787354, "train_precision": 0.6063268780708313, "train_recall": 0.717255711555481, "train_auc": 0.7259966135025024, "_timestamp": 1712959220.3584995, "_runtime": 748.9220895767212, "_step": 16, "val_acc": 0.6468531489372253, "val_loss": 0.6443326501619249, "val_f1": 0.6039215922355652, "val_precision": 0.5661764740943909, "val_recall": 0.6470588445663452, "val_auc": 0.6761435270309448, "_wandb": {"runtime": 754}}