{"train_acc": 0.8584905862808228, "train_loss": 0.3262306624283529, "train_f1": 0.8335015177726746, "train_precision": 0.8050682544708252, "train_recall": 0.8640167117118835, "train_auc": 0.9326742887496948, "_timestamp": 1712803582.9592438, "_runtime": 1714.040031671524, "_step": 124, "val_acc": 0.7377049326896667, "val_loss": 0.7575184032320976, "val_f1": 0.7241379022598267, "val_precision": 0.7241379022598267, "val_recall": 0.7241379022598267, "val_auc": 0.7693965435028076, "test_acc": 0.688811182975769, "test_loss": 0.7528520971536636, "test_f1": 0.6509804129600525, "test_precision": 0.6102941036224365, "test_recall": 0.6974790096282959, "test_auc": 0.754591703414917, "_wandb": {"runtime": 1713}}