{"train_acc": 0.879487156867981, "train_loss": 0.2887059630619155, "train_f1": 0.8759894371032715, "train_precision": 0.8691099286079407, "train_recall": 0.8829787373542786, "train_auc": 0.9521920084953308, "_timestamp": 1713002439.3942204, "_runtime": 8935.737844467163, "_step": 200, "val_acc": 0.6759002804756165, "val_loss": 0.7068923275385585, "val_f1": 0.6138613820075989, "val_precision": 0.581250011920929, "val_recall": 0.6503496766090393, "val_auc": 0.7169115543365479, "test_acc": 0.6759002804756165, "test_loss": 0.7068923275385585, "test_f1": 0.6138613820075989, "test_precision": 0.581250011920929, "test_recall": 0.6503496766090393, "test_auc": 0.7169115543365479, "_wandb": {"runtime": 8935}}