{"train_acc": 0.8507718443870544, "train_loss": 0.3571839260735682, "train_f1": 0.8179916143417358, "train_precision": 0.8266384601593018, "train_recall": 0.8095238208770752, "train_auc": 0.9181209802627563, "_timestamp": 1712955039.7638047, "_runtime": 3475.2602577209473, "_step": 80, "val_acc": 0.6958041787147522, "val_loss": 0.6062340509323847, "val_f1": 0.661478579044342, "val_precision": 0.6159420013427734, "val_recall": 0.7142857313156128, "val_auc": 0.7760781049728394, "test_acc": 0.6958041787147522, "test_loss": 0.6062340509323847, "test_f1": 0.661478579044342, "test_precision": 0.6159420013427734, "test_recall": 0.7142857313156128, "test_auc": 0.7760781049728394, "_wandb": {"runtime": 3474}}