{"train_acc": 0.5512820482254028, "train_loss": 0.6898600063761886, "train_f1": 0.5414847135543823, "train_precision": 0.5363321900367737, "train_recall": 0.5467371940612793, "train_auc": 0.5457823276519775, "_timestamp": 1712906904.5240657, "_runtime": 709.8293137550354, "_step": 15, "val_acc": 0.6011080145835876, "val_loss": 0.6775149856844256, "val_f1": 0.5443037748336792, "val_precision": 0.4971098303794861, "val_recall": 0.6013985872268677, "val_auc": 0.6222813725471497, "_wandb": {"runtime": 734}}