{"train_acc": 0.7993139028549194, "train_loss": 0.42695303607199875, "train_f1": 0.7719298005104065, "train_precision": 0.7346938848495483, "train_recall": 0.8131417036056519, "train_auc": 0.8797755241394043, "_timestamp": 1712951556.788593, "_runtime": 3432.586863040924, "_step": 80, "val_acc": 0.6818181872367859, "val_loss": 0.5850891995997656, "val_f1": 0.6459143757820129, "val_precision": 0.6014492511749268, "val_recall": 0.6974790096282959, "val_auc": 0.7665677070617676, "test_acc": 0.6818181872367859, "test_loss": 0.5850891995997656, "test_f1": 0.6459143757820129, "test_precision": 0.6014492511749268, "test_recall": 0.6974790096282959, "test_auc": 0.7665677070617676, "_wandb": {"runtime": 3432}}