{"train_acc": 0.4982905983924866, "train_loss": 0.6986770669619242, "train_f1": 0.4846356511116028, "train_precision": 0.481675386428833, "train_recall": 0.48763251304626465, "train_auc": 0.4906892776489258, "_timestamp": 1712815489.969237, "_runtime": 211.477783203125, "_step": 3, "val_acc": 0.6011080145835876, "val_loss": 0.682916630486973, "val_f1": 0.48571428656578064, "val_precision": 0.49635037779808044, "val_recall": 0.4755244851112366, "val_auc": 0.5653910040855408, "_wandb": {"runtime": 223}}