{"train_acc": 0.8782161474227905, "train_loss": 0.2845380904331599, "train_f1": 0.8533057570457458, "train_precision": 0.8480492830276489, "train_recall": 0.8586278557777405, "train_auc": 0.949175238609314, "_timestamp": 1712801861.318332, "_runtime": 1690.0105938911438, "_step": 124, "val_acc": 0.7049180269241333, "val_loss": 0.7471975386142731, "val_f1": 0.6785714030265808, "val_precision": 0.6333333253860474, "val_recall": 0.7307692170143127, "val_auc": 0.8098901510238647, "test_acc": 0.7377622127532959, "test_loss": 0.7070732613404592, "test_f1": 0.6938775777816772, "test_precision": 0.6746031641960144, "test_recall": 0.7142857313156128, "test_auc": 0.7944950461387634, "_wandb": {"runtime": 1689}}