{"train_acc": 0.5504273772239685, "train_loss": 0.6838224554548458, "train_f1": 0.5120593905448914, "train_precision": 0.5369649529457092, "train_recall": 0.4893617033958435, "train_auc": 0.5698453187942505, "_timestamp": 1712981783.9299092, "_runtime": 5061.694333314896, "_step": 113, "val_acc": 0.6648199558258057, "val_loss": 0.6989269218137187, "val_f1": 0.6084142327308655, "val_precision": 0.5662650465965271, "val_recall": 0.6573426723480225, "val_auc": 0.7152434587478638, "_wandb": {"runtime": 5124}}