{"train_acc": 0.6000000238418579, "train_loss": 0.6683523025268163, "train_f1": 0.5880281925201416, "train_precision": 0.5890652537345886, "train_recall": 0.5869947075843811, "train_auc": 0.6300424337387085, "_timestamp": 1712819319.824072, "_runtime": 3281.909069776535, "_step": 61, "val_acc": 0.6121883392333984, "val_loss": 0.629922233281597, "val_f1": 0.5705521702766418, "val_precision": 0.5081967115402222, "val_recall": 0.6503496766090393, "val_auc": 0.6933983564376831, "_wandb": {"runtime": 3303}}