{"train_acc": 0.5316239595413208, "train_loss": 0.6931635779993874, "train_f1": 0.5283992886543274, "train_precision": 0.5159664154052734, "train_recall": 0.5414462089538574, "train_auc": 0.5276439189910889, "_timestamp": 1712971366.6851501, "_runtime": 5265.536946058273, "_step": 120, "val_acc": 0.5927977561950684, "val_loss": 0.7111189519205401, "val_f1": 0.5242718458175659, "val_precision": 0.4879518151283264, "val_recall": 0.5664335489273071, "val_auc": 0.616539478302002, "test_acc": 0.5927977561950684, "test_loss": 0.7111189519205401, "test_f1": 0.5242718458175659, "test_precision": 0.4879518151283264, "test_recall": 0.5664335489273071, "test_auc": 0.616539478302002, "_wandb": {"runtime": 5264}}