{"train_acc": 0.7683760523796082, "train_loss": 0.4813584220044467, "train_f1": 0.7538601160049438, "train_precision": 0.7685185074806213, "train_recall": 0.7397504448890686, "train_auc": 0.8532295227050781, "_timestamp": 1712902585.1536064, "_runtime": 3542.743108510971, "_step": 80, "val_acc": 0.7063711881637573, "val_loss": 0.6044315791899159, "val_f1": 0.634482741355896, "val_precision": 0.6258503198623657, "val_recall": 0.6433566212654114, "val_auc": 0.7464553713798523, "test_acc": 0.7063711881637573, "test_loss": 0.6044315791899159, "test_f1": 0.634482741355896, "test_precision": 0.6258503198623657, "test_recall": 0.6433566212654114, "test_auc": 0.7464553713798523, "_wandb": {"runtime": 3542}}