{"train_acc": 0.7478559017181396, "train_loss": 0.516289915940533, "train_f1": 0.7178502678871155, "train_precision": 0.6775362491607666, "train_recall": 0.7632653117179871, "train_auc": 0.8227750658988953, "_timestamp": 1712754349.0496964, "_runtime": 434.01855850219727, "_step": 34, "val_acc": 0.6853147149085999, "val_loss": 0.5964593506521649, "val_f1": 0.6511628031730652, "val_precision": 0.6043165326118469, "val_recall": 0.7058823704719543, "val_auc": 0.7420117855072021, "test_acc": 0.6853147149085999, "test_loss": 0.5964593506521649, "test_f1": 0.6511628031730652, "test_precision": 0.6043165326118469, "test_recall": 0.7058823704719543, "test_auc": 0.7420117855072021, "_wandb": {"runtime": 433}}