{"train_acc": 0.8301886916160583, "train_loss": 0.37266798512566657, "train_f1": 0.7958762645721436, "train_precision": 0.8058454990386963, "train_recall": 0.7861506938934326, "train_auc": 0.9067540168762207, "_timestamp": 1712944730.288696, "_runtime": 3397.450986146927, "_step": 80, "val_acc": 0.6468531489372253, "val_loss": 0.7563427786032358, "val_f1": 0.591093122959137, "val_precision": 0.5703125, "val_recall": 0.6134454011917114, "val_auc": 0.7098072171211243, "test_acc": 0.6468531489372253, "test_loss": 0.7563427786032358, "test_f1": 0.591093122959137, "test_precision": 0.5703125, "test_recall": 0.6134454011917114, "test_auc": 0.7098072171211243, "_wandb": {"runtime": 3396}}