{"train_acc": 0.7179487347602844, "train_loss": 0.5548426098548449, "train_f1": 0.6961326003074646, "train_precision": 0.7241379022598267, "train_recall": 0.6702127456665039, "train_auc": 0.7806479334831238, "_timestamp": 1712831446.4811263, "_runtime": 4394.329203367233, "_step": 107, "val_acc": 0.6842105388641357, "val_loss": 0.6107135571184612, "val_f1": 0.6298701167106628, "val_precision": 0.5878787636756897, "val_recall": 0.6783216595649719, "val_auc": 0.7458458542823792, "_wandb": {"runtime": 4412}}