{"train_acc": 0.7316239476203918, "train_loss": 0.5582218146986432, "train_f1": 0.722123920917511, "train_precision": 0.7272727489471436, "train_recall": 0.7170474529266357, "train_auc": 0.7890481352806091, "_timestamp": 1713042205.6252408, "_runtime": 3309.715163707733, "_step": 75, "val_acc": 0.673130214214325, "val_loss": 0.6487810111471585, "val_f1": 0.6143791079521179, "val_precision": 0.5766870975494385, "val_recall": 0.6573426723480225, "val_auc": 0.6934624910354614}