{"train_acc": 0.8470085263252258, "train_loss": 0.3430964390436808, "train_f1": 0.8414525985717773, "train_precision": 0.8482142686843872, "train_recall": 0.8347979187965393, "train_auc": 0.9301193952560425, "_timestamp": 1713048092.6635845, "_runtime": 9196.753507375717, "_step": 200, "val_acc": 0.6620498895645142, "val_loss": 0.6580027528107166, "val_f1": 0.6325300931930542, "val_precision": 0.5555555820465088, "val_recall": 0.7342657446861267, "val_auc": 0.7325335144996643, "test_acc": 0.6620498895645142, "test_loss": 0.6580027528107166, "test_f1": 0.6325300931930542, "test_precision": 0.5555555820465088, "test_recall": 0.7342657446861267, "test_auc": 0.7325335144996643, "_wandb": {"runtime": 9196}}