{"train_acc": 0.8379073739051819, "train_loss": 0.3571287322126023, "train_f1": 0.8134254813194275, "train_precision": 0.7803030014038086, "train_recall": 0.8494845628738403, "train_auc": 0.92287278175354, "_timestamp": 1712800163.740338, "_runtime": 1654.6830310821533, "_step": 124, "val_acc": 0.6065573692321777, "val_loss": 0.9780287593603134, "val_f1": 0.5, "val_precision": 0.4615384638309479, "val_recall": 0.5454545617103577, "val_auc": 0.613053560256958, "test_acc": 0.6958041787147522, "test_loss": 0.6865735418266721, "test_f1": 0.6666666865348816, "test_precision": 0.6126760840415955, "test_recall": 0.7310924530029297, "test_auc": 0.7604790329933167, "_wandb": {"runtime": 1654}}