{"train_acc": 0.8837606906890869, "train_loss": 0.27621020881029273, "train_f1": 0.8817391395568848, "train_precision": 0.8711340427398682, "train_recall": 0.8926056623458862, "train_auc": 0.9541288614273071, "_timestamp": 1712826995.0146806, "_runtime": 4421.071577548981, "_step": 107, "val_acc": 0.6759002804756165, "val_loss": 0.6715159934191477, "val_f1": 0.6006826162338257, "val_precision": 0.5866666436195374, "val_recall": 0.6153846383094788, "val_auc": 0.7310579419136047, "_wandb": {"runtime": 4451}}