{"train_acc": 0.6615384817123413, "train_loss": 0.6279096285096643, "train_f1": 0.6457960605621338, "train_precision": 0.6551724076271057, "train_recall": 0.6366842985153198, "train_auc": 0.6973744034767151, "_timestamp": 1712874887.0161798, "_runtime": 5740.205081701279, "_step": 115, "val_acc": 0.7036011219024658, "val_loss": 0.6127655493176501, "val_f1": 0.6372881531715393, "val_precision": 0.6184210777282715, "val_recall": 0.6573426723480225, "val_auc": 0.728716254234314, "_wandb": {"runtime": 5778}}