{"train_acc": 0.583760678768158, "train_loss": 0.674175637960434, "train_f1": 0.5798102021217346, "train_precision": 0.5647059082984924, "train_recall": 0.5957446694374084, "train_auc": 0.6209770441055298, "_timestamp": 1712984571.0112398, "_runtime": 2471.702521800995, "_step": 55, "val_acc": 0.6094182729721069, "val_loss": 0.6823211078132901, "val_f1": 0.5220338702201843, "val_precision": 0.5065789222717285, "val_recall": 0.5384615659713745, "val_auc": 0.6153846383094788, "_wandb": {"runtime": 2501}}