{"train_acc": 0.9700854420661926, "train_loss": 0.08878551024411406, "train_f1": 0.9688335061073303, "train_precision": 0.9766606688499451, "train_recall": 0.9611307382583618, "train_auc": 0.9952613115310669, "_timestamp": 1712810852.8269372, "_runtime": 670.5236701965332, "_step": 48, "val_acc": 0.7396121621131897, "val_loss": 0.8486414388753474, "val_f1": 0.6690140962600708, "val_precision": 0.673758864402771, "val_recall": 0.6643356680870056, "val_auc": 0.7982934713363647, "test_acc": 0.7396121621131897, "test_loss": 0.8486414388753474, "test_f1": 0.6690140962600708, "test_precision": 0.673758864402771, "test_recall": 0.6643356680870056, "test_auc": 0.7982934713363647, "_wandb": {"runtime": 669}}