{"train_acc": 0.7529914379119873, "train_loss": 0.5157301328620132, "train_f1": 0.7471566200256348, "train_precision": 0.7413194179534912, "train_recall": 0.7530864477157593, "train_auc": 0.8204860091209412, "_timestamp": 1712812005.452537, "_runtime": 315.4196181297302, "_step": 22, "val_acc": 0.7285318374633789, "val_loss": 0.5696341246366501, "val_f1": 0.6711409687995911, "val_precision": 0.6451612710952759, "val_recall": 0.6993007063865662, "val_auc": 0.810996413230896, "test_acc": 0.7285318374633789, "test_loss": 0.5696341246366501, "test_f1": 0.6711409687995911, "test_precision": 0.6451612710952759, "test_recall": 0.6993007063865662, "test_auc": 0.810996413230896, "_wandb": {"runtime": 314}}