{"train_acc": 0.9324786067008972, "train_loss": 0.1810368839397925, "train_f1": 0.929527223110199, "train_precision": 0.9336917400360107, "train_recall": 0.925399661064148, "train_auc": 0.9796599745750427, "_timestamp": 1712888987.7317994, "_runtime": 13990.770830392838, "_step": 325, "val_acc": 0.6565096974372864, "val_loss": 1.3982630294302236, "val_f1": 0.607594907283783, "val_precision": 0.5549132823944092, "val_recall": 0.6713286638259888, "val_auc": 0.6929813623428345, "_wandb": {"runtime": 14020}}