{"train_acc": 0.5806174874305725, "train_loss": 0.6634524954508428, "train_f1": 0.5399811863899231, "train_precision": 0.489761084318161, "train_recall": 0.6016771197319031, "train_auc": 0.6015614867210388, "_timestamp": 1712760485.433732, "_runtime": 2542.074362039566, "_step": 200, "val_acc": 0.5769230723381042, "val_loss": 0.6724252502123514, "val_f1": 0.4761904776096344, "val_precision": 0.4910714328289032, "val_recall": 0.462184876203537, "val_auc": 0.5841594338417053, "test_acc": 0.5769230723381042, "test_loss": 0.6724252502123514, "test_f1": 0.4761904776096344, "test_precision": 0.4910714328289032, "test_recall": 0.462184876203537, "test_auc": 0.5841594338417053, "_wandb": {"runtime": 2541}}