{"train_acc": 0.8051282167434692, "train_loss": 0.43586085919214757, "train_f1": 0.7888888716697693, "train_precision": 0.8192307949066162, "train_recall": 0.7607142925262451, "train_auc": 0.8758050203323364, "_timestamp": 1712812443.1213982, "_runtime": 429.90777230262756, "_step": 30, "val_acc": 0.7257617712020874, "val_loss": 0.5470167305320501, "val_f1": 0.6837060451507568, "val_precision": 0.6294117569923401, "val_recall": 0.748251736164093, "val_auc": 0.8100019097328186, "test_acc": 0.7257617712020874, "test_loss": 0.5470167305320501, "test_f1": 0.6837060451507568, "test_precision": 0.6294117569923401, "test_recall": 0.748251736164093, "test_auc": 0.8100019097328186, "_wandb": {"runtime": 429}}