{"train_acc": 0.8001715540885925, "train_loss": 0.4098971042604673, "train_f1": 0.7717923521995544, "train_precision": 0.7202925086021423, "train_recall": 0.8312236070632935, "train_auc": 0.8863473534584045, "_timestamp": 1712924215.001681, "_runtime": 3405.0947539806366, "_step": 80, "val_acc": 0.692307710647583, "val_loss": 0.5899311403433481, "val_f1": 0.6480000019073486, "val_precision": 0.6183205842971802, "val_recall": 0.680672287940979, "val_auc": 0.7729079127311707, "test_acc": 0.692307710647583, "test_loss": 0.5899311403433481, "test_f1": 0.6480000019073486, "test_precision": 0.6183205842971802, "test_recall": 0.680672287940979, "test_auc": 0.7729079127311707, "_wandb": {"runtime": 3404}}