{"train_acc": 0.9136751890182495, "train_loss": 0.22695763227907387, "train_f1": 0.9105402827262878, "train_precision": 0.9211469292640686, "train_recall": 0.900175154209137, "train_auc": 0.9685757160186768, "_timestamp": 1712806974.5700376, "_runtime": 1019.1992297172546, "_step": 73, "val_acc": 0.7285318374633789, "val_loss": 0.8971825695556143, "val_f1": 0.664383590221405, "val_precision": 0.6510066986083984, "val_recall": 0.6783216595649719, "val_auc": 0.7695835828781128, "_wandb": {"runtime": 1031}}