{"train_acc": 0.687821626663208, "train_loss": 0.5791369554114668, "train_f1": 0.6635859608650208, "train_precision": 0.6013400554656982, "train_recall": 0.7402061820030212, "train_auc": 0.750697135925293, "_timestamp": 1712804251.5870612, "_runtime": 660.4305832386017, "_step": 49, "val_acc": 0.7868852615356445, "val_loss": 0.4905891418457031, "val_f1": 0.7346938848495483, "val_precision": 0.6666666865348816, "val_recall": 0.8181818127632141, "val_auc": 0.8251748085021973, "_wandb": {"runtime": 664}}