{"train_acc": 0.8931623697280884, "train_loss": 0.2742737692755622, "train_f1": 0.889478325843811, "train_precision": 0.8950178027153015, "train_recall": 0.8840070366859436, "train_auc": 0.9535220861434937, "_timestamp": 1712895285.163938, "_runtime": 3239.024120092392, "_step": 80, "val_acc": 0.7229917049407959, "val_loss": 0.6566278999266417, "val_f1": 0.6710526347160339, "val_precision": 0.6335403919219971, "val_recall": 0.7132866978645325, "val_auc": 0.7793353199958801, "test_acc": 0.7229917049407959, "test_loss": 0.6566278999266417, "test_f1": 0.6710526347160339, "test_precision": 0.6335403919219971, "test_recall": 0.7132866978645325, "test_auc": 0.7793353199958801, "_wandb": {"runtime": 3238}}