{"train_acc": 0.8053173422813416, "train_loss": 0.4287560580387002, "train_f1": 0.7671794891357422, "train_precision": 0.7632653117179871, "train_recall": 0.7711340188980103, "train_auc": 0.8779265880584717, "_timestamp": 1712910513.6248631, "_runtime": 3385.018397092819, "_step": 80, "val_acc": 0.692307710647583, "val_loss": 0.6136673844995952, "val_f1": 0.65625, "val_precision": 0.6131386756896973, "val_recall": 0.7058823704719543, "val_auc": 0.7465908527374268, "test_acc": 0.692307710647583, "test_loss": 0.6136673844995952, "test_f1": 0.65625, "test_precision": 0.6131386756896973, "test_recall": 0.7058823704719543, "test_auc": 0.7465908527374268, "_wandb": {"runtime": 3384}}