{"train_acc": 0.5351629257202148, "train_loss": 0.682580828666687, "train_f1": 0.4778420031070709, "train_precision": 0.44524237513542175, "train_recall": 0.5155925154685974, "train_auc": 0.5219964385032654, "_timestamp": 1712757911.070712, "_runtime": 24.321178197860718, "_step": 1, "val_acc": 0.5489510297775269, "val_loss": 0.6822020279036628, "val_f1": 0.4266666769981384, "val_precision": 0.4528301954269409, "val_recall": 0.40336135029792786, "val_auc": 0.47848841547966003, "_wandb": {"runtime": 27}}