{"train_acc": 0.8825042843818665, "train_loss": 0.2995497449522927, "train_f1": 0.8600612878799438, "train_precision": 0.8487903475761414, "train_recall": 0.8716356158256531, "train_auc": 0.9446874856948853, "_timestamp": 1712917352.3633304, "_runtime": 3413.812699317932, "_step": 80, "val_acc": 0.7167832255363464, "val_loss": 0.6814111811774117, "val_f1": 0.6943396329879761, "val_precision": 0.6301369667053223, "val_recall": 0.7731092572212219, "val_auc": 0.7885573506355286, "test_acc": 0.7167832255363464, "test_loss": 0.6814111811774117, "test_f1": 0.6943396329879761, "test_precision": 0.6301369667053223, "test_recall": 0.7731092572212219, "test_auc": 0.7885573506355286, "_wandb": {"runtime": 3413}}