{"train_acc": 0.9726495742797852, "train_loss": 0.08531878983627099, "train_f1": 0.9718309640884399, "train_precision": 0.9769911766052246, "train_recall": 0.9667250514030457, "train_auc": 0.9952109456062317, "_timestamp": 1712808668.4696178, "_runtime": 814.6358227729797, "_step": 58, "val_acc": 0.7396121621131897, "val_loss": 1.0136116007747857, "val_f1": 0.6642857193946838, "val_precision": 0.6788321137428284, "val_recall": 0.6503496766090393, "val_auc": 0.7903701663017273, "_wandb": {"runtime": 814}}