{"train_acc": 0.5094017386436462, "train_loss": 0.6926849910191127, "train_f1": 0.5216666460037231, "train_precision": 0.4944707751274109, "train_recall": 0.552028238773346, "train_auc": 0.5124670267105103, "_timestamp": 1712859744.517753, "_runtime": 284.2263708114624, "_step": 5, "val_acc": 0.5013850331306458, "val_loss": 0.6840767342111339, "val_f1": 0.49152541160583496, "val_precision": 0.4123222827911377, "val_recall": 0.6083915829658508, "val_auc": 0.49002373218536377, "_wandb": {"runtime": 315}}